{"count":1,"gauges":{"CrazyBrain.CumulativeReward":{"count":23,"max":0,"min":0,"value":0,"weightedAverage":0}},"self":30.240544,"total":32.0191781,"children":{"AgentSendState":{"count":23484,"self":0.0963366,"total":0.0963366,"children":null},"DecideAction":{"count":23484,"self":1.6274125,"total":1.6274125,"children":null},"AgentAct":{"count":23484,"self":0.0468964,"total":0.0538882,"children":{"AgentInfo.ToProto":{"count":23,"self":0,"total":0.0069917999999999994,"children":{"GenerateSensorData":{"count":23,"self":0.0069917999999999994,"total":0.0069917999999999994,"children":null}}}}}}}